antecedents,consequents,antecedent support,consequent support,support,confidence,lift,representativity,leverage,conviction,zhangs_metric,jaccard,certainty,kulczynski
frozenset({'Adidas Trail Pro Running Shoes'}),frozenset({'Adidas Air Runner Sneakers'}),0.057,0.13433333333333333,0.011666666666666667,0.2046783625730994,1.523660267293544,1.0,0.004009666666666667,1.0884485294117647,0.36445993031358886,0.06493506493506494,0.0812611042430875,0.1457634989044157
frozenset({'Adidas Air Runner Sneakers'}),frozenset({'Adidas Trail Pro Running Shoes'}),0.13433333333333333,0.057,0.011666666666666667,0.08684863523573201,1.523660267293544,1.0,0.004009666666666667,1.0326875,0.3970185378733703,0.06493506493506494,0.031652847545845186,0.1457634989044157
frozenset({'Adidas Air Runner Sneakers'}),frozenset({'Zara Classic Cotton T-Shirt'}),0.13433333333333333,0.031,0.006333333333333333,0.04714640198511166,1.5208516769390859,1.0,0.002169,1.0169453124999999,0.39561842611920633,0.039832285115303984,0.016662953545006878,0.12572373862696443
frozenset({'Zara Classic Cotton T-Shirt'}),frozenset({'Adidas Air Runner Sneakers'}),0.031,0.13433333333333333,0.006333333333333333,0.2043010752688172,1.5208516769390859,1.0,0.002169,1.0879324324324324,0.35343001466514584,0.039832285115303984,0.08082526985231096,0.12572373862696443
frozenset({'Apple Ultra HD Smart TV'}),frozenset({'H&M Classic Cotton T-Shirt'}),0.07733333333333334,0.061,0.006666666666666667,0.08620689655172414,1.4132278123233466,1.0,0.0019493333333333333,1.0275849056603774,0.316907514450867,0.05063291139240506,0.026844405273401643,0.09774825701903148
frozenset({'H&M Classic Cotton T-Shirt'}),frozenset({'Apple Ultra HD Smart TV'}),0.061,0.07733333333333334,0.006666666666666667,0.10928961748633881,1.4132278123233466,1.0,0.0019493333333333333,1.035877300613497,0.31139510117145897,0.05063291139240506,0.03463470103288165,0.09774825701903148
frozenset({'H&M Refreshing Body Mist'}),frozenset({'Zara Wireless Earbuds Case'}),0.10033333333333333,0.04533333333333334,0.006333333333333333,0.06312292358803986,1.3924174320891145,1.0,0.0017848888888888888,1.0189881796690308,0.31325442171564516,0.04545454545454545,0.018634347333840638,0.10141440297049051
frozenset({'Zara Wireless Earbuds Case'}),frozenset({'H&M Refreshing Body Mist'}),0.04533333333333334,0.10033333333333333,0.006333333333333333,0.13970588235294115,1.3924174320891145,1.0,0.0017848888888888888,1.0457663817663816,0.29520729197294915,0.04545454545454545,0.04376348538674452,0.10141440297049051
frozenset({'Zara Longwear Lipstick'}),frozenset({'Apple Ultra HD Smart TV'}),0.059333333333333335,0.07733333333333334,0.006333333333333333,0.10674157303370786,1.380278961642774,1.0,0.0017448888888888887,1.032922431865828,0.29288671714722664,0.04859335038363172,0.031873092160810544,0.0943190623789229
frozenset({'Apple Ultra HD Smart TV'}),frozenset({'Zara Longwear Lipstick'}),0.07733333333333334,0.059333333333333335,0.006333333333333333,0.08189655172413793,1.380278961642774,1.0,0.0017448888888888887,1.0245758998435055,0.2986005476118041,0.04859335038363172,0.0239864121801608,0.0943190623789229
frozenset({'Nike Trail Pro Running Shoes'}),frozenset({'H&M Daily Moisturizing Lotion'}),0.09166666666666666,0.059,0.007333333333333333,0.08,1.3559322033898307,1.0,0.0019250000000000005,1.0228260869565218,0.2889908256880735,0.05116279069767442,0.02231668437832094,0.10214689265536724
frozenset({'H&M Daily Moisturizing Lotion'}),frozenset({'Nike Trail Pro Running Shoes'}),0.059,0.09166666666666666,0.007333333333333333,0.12429378531073447,1.3559322033898307,1.0,0.0019250000000000005,1.037258064516129,0.27895855472901177,0.05116279069767442,0.035919763644845296,0.10214689265536724
frozenset({'Nike Trail Pro Running Shoes'}),frozenset({'H&M Volume Boost Mascara'}),0.09166666666666666,0.043666666666666666,0.005333333333333333,0.05818181818181818,1.332408049965302,1.0,0.0013305555555555553,1.0154118404118404,0.2746559633027522,0.041025641025641026,0.015177920719921417,0.09015961138098542
frozenset({'H&M Volume Boost Mascara'}),frozenset({'Nike Trail Pro Running Shoes'}),0.043666666666666666,0.09166666666666666,0.005333333333333333,0.12213740458015267,1.332408049965302,1.0,0.0013305555555555553,1.0347101449275362,0.2608705123736493,0.041025641025641026,0.033545766510259825,0.09015961138098542
frozenset({'Adidas Tailored Blazer'}),frozenset({'Nike Trail Pro Running Shoes'}),0.041,0.09166666666666666,0.005,0.12195121951219512,1.3303769401330379,1.0,0.001241666666666667,1.0344907407407407,0.2589502954466459,0.03916449086161881,0.03334079212351757,0.08824833702882484
frozenset({'Nike Trail Pro Running Shoes'}),frozenset({'Adidas Tailored Blazer'}),0.09166666666666666,0.041,0.005,0.05454545454545455,1.3303769401330376,1.0,0.001241666666666667,1.014326923076923,0.2733944954128441,0.03916449086161881,0.014124561569817047,0.08824833702882484
frozenset({'Nike Everyday Comfort Sneakers'}),frozenset({'Nike Air Runner Sneakers'}),0.055,0.14133333333333334,0.010333333333333333,0.18787878787878787,1.3293310463121784,1.0,0.0025599999999999998,1.057313432835821,0.26216077828981055,0.05555555555555555,0.05420666290231506,0.13049599771297885
frozenset({'Nike Air Runner Sneakers'}),frozenset({'Nike Everyday Comfort Sneakers'}),0.14133333333333334,0.055,0.010333333333333333,0.07311320754716981,1.3293310463121784,1.0,0.0025599999999999998,1.0195419847328244,0.28851933480264474,0.05555555555555555,0.019167415393830486,0.13049599771297885
frozenset({'H&M Oversized Hoodie'}),frozenset({'Adidas Street Classic Trainers'}),0.062,0.10833333333333334,0.008666666666666666,0.13978494623655913,1.290322580645161,1.0,0.0019499999999999995,1.0365624999999998,0.23987206823027715,0.0536082474226804,0.035272836900813974,0.10989247311827956
frozenset({'Adidas Street Classic Trainers'}),frozenset({'H&M Oversized Hoodie'}),0.10833333333333334,0.062,0.008666666666666666,0.07999999999999999,1.290322580645161,1.0,0.0019499999999999995,1.0195652173913043,0.2523364485981308,0.0536082474226804,0.019189765458422162,0.10989247311827956
frozenset({'Nike Leather Crossbody Bag'}),frozenset({'H&M Refreshing Body Mist'}),0.03866666666666667,0.10033333333333333,0.005,0.12931034482758622,1.2888074235307596,1.0,0.0011204444444444443,1.0332805280528052,0.23310217290799812,0.03731343283582089,0.032208608552337405,0.08957211593538779
frozenset({'H&M Refreshing Body Mist'}),frozenset({'Nike Leather Crossbody Bag'}),0.10033333333333333,0.03866666666666667,0.005,0.04983388704318937,1.2888074235307594,1.0,0.0011204444444444443,1.0117529137529138,0.2490799061380758,0.03731343283582089,0.011616387354219175,0.08957211593538779
frozenset({'Nike Street Classic Trainers'}),frozenset({'H&M Longwear Lipstick'}),0.053,0.08333333333333333,0.005666666666666667,0.1069182389937107,1.2830188679245285,1.0,0.0012500000000000011,1.0264084507042253,0.23293372259146553,0.04336734693877552,0.025728987993138948,0.08745911949685535
frozenset({'H&M Longwear Lipstick'}),frozenset({'Nike Street Classic Trainers'}),0.08333333333333333,0.053,0.005666666666666667,0.068,1.2830188679245285,1.0,0.0012500000000000011,1.0160944206008584,0.24064171122994674,0.04336734693877552,0.01583949313621965,0.08745911949685535
frozenset({'Zara Hydrating Face Cream'}),frozenset({'H&M Longwear Lipstick'}),0.05366666666666667,0.08333333333333333,0.005666666666666667,0.10559006211180125,1.267080745341615,1.0,0.001194444444444445,1.0248842592592593,0.22273791517311406,0.04314720812182741,0.02428006775832864,0.08679503105590063
frozenset({'H&M Longwear Lipstick'}),frozenset({'Zara Hydrating Face Cream'}),0.08333333333333333,0.05366666666666667,0.005666666666666667,0.068,1.2670807453416149,1.0,0.001194444444444445,1.015379113018598,0.22994652406417124,0.04314720812182741,0.015146178231771754,0.08679503105590063
frozenset({'Samsung Lightweight Laptop'}),frozenset({'Adidas Street Classic Trainers'}),0.04133333333333333,0.10833333333333334,0.005666666666666667,0.1370967741935484,1.2655086848635237,1.0,0.0011888888888888895,1.0333333333333332,0.21884970956393696,0.03935185185185185,0.03225806451612905,0.09470223325062035
frozenset({'Adidas Street Classic Trainers'}),frozenset({'Samsung Lightweight Laptop'}),0.10833333333333334,0.04133333333333333,0.005666666666666667,0.05230769230769231,1.2655086848635237,1.0,0.0011888888888888895,1.0115800865800866,0.23529411764705896,0.03935185185185185,0.011447523269498239,0.09470223325062035
frozenset({'Adidas Air Runner Sneakers'}),frozenset({'H&M Tailored Blazer'}),0.13433333333333333,0.03,0.005,0.03722084367245658,1.240694789081886,1.0,0.0009700000000000004,1.0075,0.22410473623411636,0.03138075313807531,0.007444168734491321,0.10194375516956164
frozenset({'H&M Tailored Blazer'}),frozenset({'Adidas Air Runner Sneakers'}),0.03,0.13433333333333333,0.005,0.16666666666666669,1.240694789081886,1.0,0.0009700000000000004,1.0388000000000002,0.20000000000000007,0.03138075313807531,0.037350789372352734,0.10194375516956164
frozenset({'Nike Trail Pro Running Shoes'}),frozenset({'Nike Street Classic Trainers'}),0.09166666666666666,0.053,0.006,0.06545454545454546,1.2349914236706692,1.0,0.0011416666666666676,1.0133268482490272,0.2094801223241592,0.043269230769230775,0.013151579149467225,0.08933104631217839
frozenset({'Nike Street Classic Trainers'}),frozenset({'Nike Trail Pro Running Shoes'}),0.053,0.09166666666666666,0.006,0.11320754716981132,1.2349914236706692,1.0,0.0011416666666666676,1.024290780141844,0.200926903672416,0.043269230769230775,0.02371473082915009,0.08933104631217839
frozenset({'Nike Wireless Earbuds Case'}),frozenset({'Nike Air Runner Sneakers'}),0.03266666666666666,0.14133333333333334,0.005666666666666667,0.17346938775510207,1.2273777435502504,1.0,0.0010497777777777788,1.038880658436214,0.19151092552803356,0.033663366336633666,0.037425529217898365,0.10678186368887178
frozenset({'Nike Air Runner Sneakers'}),frozenset({'Nike Wireless Earbuds Case'}),0.14133333333333334,0.03266666666666666,0.005666666666666667,0.04009433962264151,1.2273777435502504,1.0,0.0010497777777777788,1.0077379197379197,0.21574716843259065,0.033663366336633666,0.007678504089567378,0.10678186368887178
frozenset({'Zara Refreshing Body Mist'}),frozenset({'H&M Oversized Hoodie'}),0.07066666666666667,0.062,0.005333333333333333,0.07547169811320754,1.2172854534388313,1.0,0.0009519999999999997,1.0145714285714285,0.19207317073170724,0.041884816753926704,0.014362151506617852,0.08074660174477581
frozenset({'H&M Oversized Hoodie'}),frozenset({'Zara Refreshing Body Mist'}),0.062,0.07066666666666667,0.005333333333333333,0.08602150537634408,1.2172854534388313,1.0,0.0009519999999999997,1.0168000000000001,0.1902985074626865,0.041884816753926704,0.016522423288749005,0.08074660174477581
frozenset({'Adidas Street Classic Trainers'}),frozenset({'H&M Daily Moisturizing Lotion'}),0.10833333333333334,0.059,0.007666666666666666,0.07076923076923076,1.1994784876140807,1.0,0.001275,1.0126655629139074,0.18650954896383587,0.04801670146137786,0.012507152783454588,0.10035636679704477
frozenset({'H&M Daily Moisturizing Lotion'}),frozenset({'Adidas Street Classic Trainers'}),0.059,0.10833333333333334,0.007666666666666666,0.12994350282485875,1.1994784876140807,1.0,0.001275,1.0248376623376623,0.17673150672272792,0.04801670146137786,0.024235704102645327,0.10035636679704477
frozenset({'H&M Refreshing Body Mist'}),frozenset({'H&M Longwear Lipstick'}),0.10033333333333333,0.08333333333333333,0.01,0.09966777408637874,1.196013289036545,1.0,0.0016388888888888894,1.0181426814268142,0.1821662344078054,0.057581573896353176,0.017819389912413174,0.10983388704318937
frozenset({'H&M Longwear Lipstick'}),frozenset({'H&M Refreshing Body Mist'}),0.08333333333333333,0.10033333333333333,0.01,0.12000000000000001,1.196013289036545,1.0,0.0016388888888888894,1.0223484848484847,0.17878787878787883,0.057581573896353176,0.021859948128936657,0.10983388704318937
frozenset({'Apple Lightweight Laptop'}),frozenset({'Apple Ultra HD Smart TV'}),0.05433333333333333,0.07733333333333334,0.005,0.09202453987730062,1.1899724984133702,1.0,0.0007982222222222227,1.0161801801801802,0.1688168252849255,0.03947368421052632,0.01592255044505125,0.07833985614554687
frozenset({'Apple Ultra HD Smart TV'}),frozenset({'Apple Lightweight Laptop'}),0.07733333333333334,0.05433333333333333,0.005,0.06465517241379311,1.1899724984133702,1.0,0.0007982222222222227,1.0110353302611368,0.17302504816955697,0.03947368421052632,0.010914880945146045,0.07833985614554687
frozenset({'Nike Trail Pro Running Shoes'}),frozenset({'Samsung Pro Display Monitor'}),0.09166666666666666,0.104,0.011333333333333334,0.12363636363636366,1.188811188811189,1.0,0.0018000000000000013,1.0224066390041495,0.17485159201295208,0.061482820976491874,0.02191558441558444,0.11630536130536132
frozenset({'Samsung Pro Display Monitor'}),frozenset({'Nike Trail Pro Running Shoes'}),0.104,0.09166666666666666,0.011333333333333334,0.10897435897435899,1.188811188811189,1.0,0.0018000000000000013,1.0194244604316547,0.17725840336134463,0.061482820976491874,0.019054340155257612,0.11630536130536132
frozenset({'Nike Air Runner Sneakers'}),frozenset({'Adidas Everyday Comfort Sneakers'}),0.14133333333333334,0.043666666666666666,0.007333333333333333,0.051886792452830184,1.188247155408325,1.0,0.0011617777777777772,1.0086699834162522,0.18450028232636917,0.04127579737335835,0.008595460912684054,0.10991286187527005
frozenset({'Adidas Everyday Comfort Sneakers'}),frozenset({'Nike Air Runner Sneakers'}),0.043666666666666666,0.14133333333333334,0.007333333333333333,0.16793893129770993,1.188247155408325,1.0,0.0011617777777777772,1.0319755351681958,0.16565797395354723,0.04127579737335835,0.03098478023801621,0.10991286187527005
frozenset({'Samsung Smart Noise-Cancelling Headphones'}),frozenset({'Nike Trail Pro Running Shoes'}),0.09233333333333334,0.09166666666666666,0.01,0.10830324909747292,1.1814899901542502,1.0,0.0015361111111111114,1.0186572199730095,0.16923736075407028,0.0574712643678161,0.01831550359354818,0.10869707909419102
frozenset({'Nike Trail Pro Running Shoes'}),frozenset({'Samsung Smart Noise-Cancelling Headphones'}),0.09166666666666666,0.09233333333333334,0.01,0.1090909090909091,1.1814899901542502,1.0,0.0015361111111111114,1.0188095238095238,0.16911314984709483,0.0574712643678161,0.01846225753680767,0.10869707909419102
frozenset({'Apple Wireless Charging Station'}),frozenset({'Samsung Pro Display Monitor'}),0.051666666666666666,0.104,0.006333333333333333,0.12258064516129032,1.1786600496277915,1.0,0.0009599999999999999,1.0211764705882354,0.15983720284895012,0.04241071428571428,0.02073732718894009,0.0917390405293631
frozenset({'Samsung Pro Display Monitor'}),frozenset({'Apple Wireless Charging Station'}),0.104,0.051666666666666666,0.006333333333333333,0.060897435897435896,1.1786600496277915,1.0,0.0009599999999999999,1.0098293515358363,0.16917293233082706,0.04241071428571428,0.009733675814519399,0.0917390405293631
frozenset({'Adidas Air Runner Sneakers'}),frozenset({'Zara Longwear Lipstick'}),0.13433333333333333,0.059333333333333335,0.009333333333333334,0.06947890818858561,1.1709928346390832,1.0,0.0013628888888888892,1.010903111111111,0.1686836459651246,0.05063291139240507,0.010785515437901074,0.11339113948755122
frozenset({'Zara Longwear Lipstick'}),frozenset({'Adidas Air Runner Sneakers'}),0.059333333333333335,0.13433333333333333,0.009333333333333334,0.15730337078651685,1.1709928346390832,1.0,0.0013628888888888892,1.0272577777777778,0.15523438290979044,0.05063291139240507,0.026534506106873527,0.11339113948755122
frozenset({'Apple Ultra HD Smart TV'}),frozenset({'H&M Daily Moisturizing Lotion'}),0.07733333333333334,0.059,0.005333333333333333,0.06896551724137931,1.168907071887785,1.0,0.0007706666666666669,1.0107037037037039,0.15661127167630062,0.04071246819338422,0.010590347759170364,0.079680498733684
frozenset({'H&M Daily Moisturizing Lotion'}),frozenset({'Apple Ultra HD Smart TV'}),0.059,0.07733333333333334,0.005333333333333333,0.0903954802259887,1.1689070718877848,1.0,0.0007706666666666669,1.014360248447205,0.15356004250797028,0.04071246819338422,0.01415695111198197,0.079680498733684
frozenset({'Samsung Pro Display Monitor'}),frozenset({'Samsung Wireless Charging Station'}),0.104,0.04133333333333333,0.005,0.04807692307692308,1.1631513647642682,1.0,0.0007013333333333333,1.0070841750841752,0.15654761904761902,0.03562945368171022,0.007034342569808498,0.08452233250620347
frozenset({'Samsung Wireless Charging Station'}),frozenset({'Samsung Pro Display Monitor'}),0.04133333333333333,0.104,0.005,0.12096774193548387,1.1631513647642682,1.0,0.0007013333333333333,1.019302752293578,0.1463143254520167,0.03562945368171022,0.01893721198156683,0.08452233250620347
frozenset({'Apple Lightweight Laptop'}),frozenset({'H&M Refreshing Body Mist'}),0.05433333333333333,0.10033333333333333,0.006333333333333333,0.11656441717791412,1.161771599779875,1.0,0.0008818888888888895,1.018372685185185,0.14724597888800264,0.04269662921348314,0.01804121953825208,0.089843670382977
frozenset({'H&M Refreshing Body Mist'}),frozenset({'Apple Lightweight Laptop'}),0.10033333333333333,0.05433333333333333,0.006333333333333333,0.06312292358803986,1.1617715997798748,1.0,0.0008818888888888895,1.0093817966903074,0.15477467288079416,0.04269662921348314,0.009294596673993514,0.089843670382977
frozenset({'H&M Classic Cotton T-Shirt'}),frozenset({'Adidas Street Classic Trainers'}),0.061,0.10833333333333334,0.007666666666666666,0.12568306010928962,1.1601513240857504,1.0,0.001058333333333333,1.01984375,0.14701115895726255,0.047422680412371125,0.019457637505745362,0.0982261454392602
frozenset({'Adidas Street Classic Trainers'}),frozenset({'H&M Classic Cotton T-Shirt'}),0.10833333333333334,0.061,0.007666666666666666,0.07076923076923076,1.1601513240857502,1.0,0.001058333333333333,1.0105132450331127,0.15481511580658266,0.047422680412371125,0.010403866633898579,0.0982261454392602
frozenset({'Zara Oversized Hoodie'}),frozenset({'Samsung Smart Noise-Cancelling Headphones'}),0.04733333333333333,0.09233333333333334,0.005,0.10563380281690142,1.144048405959221,1.0,0.0006295555555555559,1.0148713910761153,0.13216701656169821,0.037128712871287134,0.014653473540471631,0.07989271368281894
frozenset({'Samsung Smart Noise-Cancelling Headphones'}),frozenset({'Zara Oversized Hoodie'}),0.09233333333333334,0.04733333333333333,0.005,0.05415162454873646,1.144048405959221,1.0,0.0006295555555555559,1.0072086513994911,0.13871954951646476,0.037128712871287134,0.007157058658575714,0.07989271368281894
frozenset({'Apple Smart Noise-Cancelling Headphones'}),frozenset({'Nike Air Runner Sneakers'}),0.058333333333333334,0.14133333333333334,0.009333333333333334,0.16,1.1320754716981132,1.0,0.0010888888888888892,1.0222222222222224,0.12389380530973454,0.0490367775831874,0.021739130434782605,0.11301886792452831
frozenset({'Nike Air Runner Sneakers'}),frozenset({'Apple Smart Noise-Cancelling Headphones'}),0.14133333333333334,0.058333333333333334,0.009333333333333334,0.0660377358490566,1.1320754716981132,1.0,0.0010888888888888892,1.0082491582491582,0.13586956521739132,0.0490367775831874,0.008181666388378693,0.11301886792452831
frozenset({'Apple Smart Noise-Cancelling Headphones'}),frozenset({'Samsung Smart Noise-Cancelling Headphones'}),0.058333333333333334,0.09233333333333334,0.006,0.10285714285714286,1.11397627643115,1.0,0.0006138888888888886,1.0117303609341826,0.10865290068829889,0.041474654377880185,0.011594354965636634,0.0839195461578133
frozenset({'Samsung Smart Noise-Cancelling Headphones'}),frozenset({'Apple Smart Noise-Cancelling Headphones'}),0.09233333333333334,0.058333333333333334,0.006,0.06498194945848375,1.11397627643115,1.0,0.0006138888888888886,1.007110682110682,0.11272289549924508,0.041474654377880185,0.007060477301044687,0.0839195461578133
frozenset({'H&M Hydrating Face Cream'}),frozenset({'Samsung Smart Noise-Cancelling Headphones'}),0.07166666666666667,0.09233333333333334,0.007333333333333333,0.10232558139534884,1.1082192930904207,1.0,0.0007161111111111101,1.0111312607944731,0.10519014199445063,0.04680851063829787,0.011008719862668563,0.09087398203341449
frozenset({'Samsung Smart Noise-Cancelling Headphones'}),frozenset({'H&M Hydrating Face Cream'}),0.09233333333333334,0.07166666666666667,0.007333333333333333,0.07942238267148014,1.1082192930904204,1.0,0.0007161111111111101,1.0084248366013073,0.1075852168397154,0.04680851063829787,0.008354451710750591,0.09087398203341449
frozenset({'Adidas Street Classic Trainers'}),frozenset({'H&M Longwear Lipstick'}),0.10833333333333334,0.08333333333333333,0.01,0.09230769230769231,1.1076923076923078,1.0,0.0009722222222222233,1.0098870056497176,0.10903426791277271,0.05504587155963304,0.009790209790209801,0.10615384615384615
frozenset({'H&M Longwear Lipstick'}),frozenset({'Adidas Street Classic Trainers'}),0.08333333333333333,0.10833333333333334,0.01,0.12000000000000001,1.1076923076923078,1.0,0.0009722222222222233,1.0132575757575757,0.10606060606060617,0.05504587155963304,0.013084112149532718,0.10615384615384615
frozenset({'Samsung Smart Noise-Cancelling Headphones'}),frozenset({'H&M Oversized Hoodie'}),0.09233333333333334,0.062,0.006333333333333333,0.06859205776173284,1.1063235122860136,1.0,0.0006086666666666662,1.007077519379845,0.10588167075787147,0.04279279279279279,0.007027780129779149,0.08537129769807072
frozenset({'H&M Oversized Hoodie'}),frozenset({'Samsung Smart Noise-Cancelling Headphones'}),0.062,0.09233333333333334,0.006333333333333333,0.1021505376344086,1.1063235122860136,1.0,0.0006086666666666662,1.010934131736527,0.10245763662888557,0.04279279279279279,0.010815869593546006,0.08537129769807072
frozenset({'H&M Volume Boost Mascara'}),frozenset({'Samsung Pro Display Monitor'}),0.043666666666666666,0.104,0.005,0.11450381679389314,1.1009982384028187,1.0,0.0004586666666666671,1.0118620689655173,0.09592192401533645,0.03504672897196262,0.011723009814612885,0.08129036993540811
frozenset({'Samsung Pro Display Monitor'}),frozenset({'H&M Volume Boost Mascara'}),0.104,0.043666666666666666,0.005,0.04807692307692308,1.1009982384028187,1.0,0.0004586666666666671,1.0046329966329968,0.10238095238095248,0.03504672897196262,0.00461163096227579,0.08129036993540811
frozenset({'Zara Wireless Earbuds Case'}),frozenset({'Adidas Air Runner Sneakers'}),0.04533333333333334,0.13433333333333333,0.006666666666666667,0.14705882352941177,1.0947306962487229,1.0,0.0005768888888888889,1.0149195402298852,0.09064245810055865,0.038535645472061654,0.014700219710525726,0.0983433075463436
frozenset({'Adidas Air Runner Sneakers'}),frozenset({'Zara Wireless Earbuds Case'}),0.13433333333333333,0.04533333333333334,0.006666666666666667,0.04962779156327544,1.0947306962487229,1.0,0.0005768888888888889,1.0045187119234116,0.0999614940315749,0.038535645472061654,0.004498385017397452,0.0983433075463436
frozenset({'H&M Hydrating Face Cream'}),frozenset({'Nike Air Runner Sneakers'}),0.07166666666666667,0.14133333333333334,0.011,0.15348837209302324,1.086002632733655,1.0,0.000871111111111109,1.0143589743589743,0.08530547848321617,0.05445544554455445,0.014155712841253767,0.11565928038613427
frozenset({'Nike Air Runner Sneakers'}),frozenset({'H&M Hydrating Face Cream'}),0.14133333333333334,0.07166666666666667,0.011,0.07783018867924528,1.086002632733655,1.0,0.000871111111111109,1.0066837169650469,0.09222661396574418,0.05445544554455445,0.006639341485722021,0.11565928038613427
frozenset({'H&M Longwear Lipstick'}),frozenset({'Zara Longwear Lipstick'}),0.08333333333333333,0.059333333333333335,0.005333333333333333,0.064,1.0786516853932584,1.0,0.00038888888888888914,1.004985754985755,0.0795454545454546,0.038834951456310676,0.004961020552799433,0.0769438202247191
frozenset({'Zara Longwear Lipstick'}),frozenset({'H&M Longwear Lipstick'}),0.059333333333333335,0.08333333333333333,0.005333333333333333,0.0898876404494382,1.0786516853932584,1.0,0.00038888888888888914,1.0072016460905349,0.0775159461374912,0.038834951456310676,0.007150153217568951,0.0769438202247191
frozenset({'Samsung Smart Noise-Cancelling Headphones'}),frozenset({'Zara Refreshing Body Mist'}),0.09233333333333334,0.07066666666666667,0.007,0.07581227436823104,1.0728152033240241,1.0,0.00047511111111111105,1.0055677083333332,0.07477746882814822,0.04487179487179487,0.005536880597092223,0.08743443907090798
frozenset({'Zara Refreshing Body Mist'}),frozenset({'Samsung Smart Noise-Cancelling Headphones'}),0.07066666666666667,0.09233333333333334,0.007,0.0990566037735849,1.0728152033240241,1.0,0.00047511111111111105,1.0074624781849912,0.07303409168545466,0.04487179487179487,0.007407202100901463,0.08743443907090798
frozenset({'Samsung Pro Display Monitor'}),frozenset({'Zara Slim Fit Jeans'}),0.104,0.06,0.006666666666666667,0.06410256410256411,1.0683760683760686,1.0,0.0004266666666666672,1.0043835616438355,0.07142857142857151,0.04237288135593221,0.004364429896344801,0.08760683760683761
frozenset({'Zara Slim Fit Jeans'}),frozenset({'Samsung Pro Display Monitor'}),0.06,0.104,0.006666666666666667,0.11111111111111112,1.0683760683760686,1.0,0.0004266666666666672,1.008,0.06808510638297881,0.04237288135593221,0.00793650793650795,0.08760683760683761
frozenset({'Nike Air Runner Sneakers'}),frozenset({'H&M Oversized Hoodie'}),0.14133333333333334,0.062,0.009333333333333334,0.0660377358490566,1.0651247717589776,1.0,0.0005706666666666672,1.0043232323232323,0.07120674356699208,0.048109965635738834,0.004304622440358853,0.10828768512882939
frozenset({'H&M Oversized Hoodie'}),frozenset({'Nike Air Runner Sneakers'}),0.062,0.14133333333333334,0.009333333333333334,0.15053763440860216,1.0651247717589776,1.0,0.0005706666666666672,1.0108354430379747,0.06518428266829125,0.048109965635738834,0.010719294730514927,0.10828768512882939
frozenset({'Samsung Smart Noise-Cancelling Headphones'}),frozenset({'Apple Lightweight Laptop'}),0.09233333333333334,0.05433333333333333,0.005333333333333333,0.057761732851985555,1.063099377643906,1.0,0.00031655555555555517,1.0036385696040868,0.06539203084832898,0.03773584905660377,0.0036253784123922,0.07796062102721978
frozenset({'Apple Lightweight Laptop'}),frozenset({'Samsung Smart Noise-Cancelling Headphones'}),0.05433333333333333,0.09233333333333334,0.005333333333333333,0.09815950920245399,1.063099377643906,1.0,0.00031655555555555517,1.0064603174603175,0.06276436376453993,0.03773584905660377,0.0064188496538237095,0.07796062102721978
frozenset({'Nike Trail Pro Running Shoes'}),frozenset({'H&M Oversized Hoodie'}),0.09166666666666666,0.062,0.006,0.06545454545454546,1.055718475073314,1.0,0.00031666666666666735,1.0036964980544747,0.05810397553516832,0.040632054176072234,0.0036828842798992114,0.08111436950146628
frozenset({'H&M Oversized Hoodie'}),frozenset({'Nike Trail Pro Running Shoes'}),0.062,0.09166666666666666,0.006,0.0967741935483871,1.0557184750733137,1.0,0.00031666666666666735,1.005654761904762,0.05626628760957131,0.040632054176072234,0.00562296537437112,0.08111436950146628
frozenset({'H&M Hydrating Face Cream'}),frozenset({'Zara Refreshing Body Mist'}),0.07166666666666667,0.07066666666666667,0.005333333333333333,0.07441860465116279,1.0530934620447565,1.0,0.00026888888888888796,1.0040536013400334,0.054308797127468396,0.0389294403892944,0.004037235994794964,0.07494515138218516
frozenset({'Zara Refreshing Body Mist'}),frozenset({'H&M Hydrating Face Cream'}),0.07066666666666667,0.07166666666666667,0.005333333333333333,0.07547169811320754,1.0530934620447563,1.0,0.00026888888888888796,1.0041156462585035,0.0542503586800572,0.0389294403892944,0.0040987771416957355,0.07494515138218516
frozenset({'Zara Oversized Hoodie'}),frozenset({'H&M Refreshing Body Mist'}),0.04733333333333333,0.10033333333333333,0.005,0.10563380281690142,1.052828599504001,1.0,0.00025088888888888904,1.0059265091863516,0.052670865407044576,0.03504672897196262,0.0058915926086344095,0.0777338449300454
frozenset({'H&M Refreshing Body Mist'}),frozenset({'Zara Oversized Hoodie'}),0.10033333333333333,0.04733333333333333,0.005,0.04983388704318937,1.0528285995040008,1.0,0.00025088888888888904,1.0026317016317017,0.055773743361738945,0.03504672897196262,0.002624793957161691,0.0777338449300454
frozenset({'H&M Longwear Lipstick'}),frozenset({'Nike Air Runner Sneakers'}),0.08333333333333333,0.14133333333333334,0.012333333333333333,0.14800000000000002,1.0471698113207548,1.0,0.0005555555555555557,1.0078247261345854,0.04914004914004915,0.058084772370486655,0.00776397515527952,0.11763207547169813
frozenset({'Nike Air Runner Sneakers'}),frozenset({'H&M Longwear Lipstick'}),0.14133333333333334,0.08333333333333333,0.012333333333333333,0.08726415094339622,1.0471698113207548,1.0,0.0005555555555555557,1.004306632213609,0.05245929158972638,0.058084772370486655,0.004288164665523155,0.11763207547169813
frozenset({'Samsung Smart Noise-Cancelling Headphones'}),frozenset({'Zara Daily Moisturizing Lotion'}),0.09233333333333334,0.058666666666666666,0.005666666666666667,0.06137184115523466,1.046110928782409,1.0,0.00024977777777777845,1.0028820512820513,0.04856235553347316,0.038990825688073404,0.002873768932614727,0.07898137512307188
frozenset({'Zara Daily Moisturizing Lotion'}),frozenset({'Samsung Smart Noise-Cancelling Headphones'}),0.058666666666666666,0.09233333333333334,0.005666666666666667,0.0965909090909091,1.046110928782409,1.0,0.00024977777777777845,1.004712788259958,0.04682552907848704,0.038990825688073404,0.004690682068574108,0.07898137512307188
frozenset({'Nike Air Runner Sneakers'}),frozenset({'Adidas Air Runner Sneakers'}),0.14133333333333334,0.13433333333333333,0.019666666666666666,0.1391509433962264,1.0358631022051594,1.0,0.0006808888888888871,1.0055963470319635,0.0403200336877565,0.07682291666666666,0.0055652022289869995,0.14277646425394447
frozenset({'Adidas Air Runner Sneakers'}),frozenset({'Nike Air Runner Sneakers'}),0.13433333333333333,0.14133333333333334,0.019666666666666666,0.14640198511166252,1.0358631022051594,1.0,0.0006808888888888871,1.005937984496124,0.03999399567949971,0.07682291666666666,0.005902932971656661,0.14277646425394447
frozenset({'Nike Air Runner Sneakers'}),frozenset({'Adidas Tailored Blazer'}),0.14133333333333334,0.041,0.006,0.04245283018867924,1.0354348826507132,1.0,0.0002053333333333334,1.0015172413793103,0.039855072463768126,0.034026465028355386,0.0015149428453381034,0.09439714680165669
frozenset({'Adidas Tailored Blazer'}),frozenset({'Nike Air Runner Sneakers'}),0.041,0.14133333333333334,0.006,0.14634146341463414,1.0354348826507132,1.0,0.0002053333333333334,1.0058666666666667,0.03568532035685322,0.034026465028355386,0.005832449628844098,0.09439714680165669
frozenset({'Nike Air Runner Sneakers'}),frozenset({'Zara Refreshing Body Mist'}),0.14133333333333334,0.07066666666666667,0.010333333333333333,0.07311320754716981,1.034620861516554,1.0,0.00034577777777777645,1.0026395250212043,0.03897014626327375,0.051239669421487596,0.0026325762702688014,0.1096698113207547
frozenset({'Zara Refreshing Body Mist'}),frozenset({'Nike Air Runner Sneakers'}),0.07066666666666667,0.14133333333333334,0.010333333333333333,0.14622641509433962,1.034620861516554,1.0,0.00034577777777777645,1.005731123388582,0.03600684963206355,0.051239669421487596,0.005698464783780605,0.1096698113207547
frozenset({'H&M Refreshing Body Mist'}),frozenset({'Nike Air Runner Sneakers'}),0.10033333333333333,0.14133333333333334,0.014666666666666666,0.1461794019933555,1.0342882216511002,1.0,0.0004862222222222212,1.0056757457846952,0.03684866448853103,0.06461086637298091,0.005643713501578599,0.12497649344950792
frozenset({'Nike Air Runner Sneakers'}),frozenset({'H&M Refreshing Body Mist'}),0.14133333333333334,0.10033333333333333,0.014666666666666666,0.10377358490566037,1.0342882216511,1.0,0.0004862222222222212,1.003838596491228,0.03860813099943527,0.06461086637298091,0.003823918012960769,0.12497649344950792
frozenset({'Samsung Pro Display Monitor'}),frozenset({'H&M Oversized Hoodie'}),0.104,0.062,0.006666666666666667,0.06410256410256411,1.033912324234905,1.0,0.00021866666666666736,1.0022465753424656,0.03660714285714297,0.041841004184100423,0.0022415395549724,0.08581472291149711
frozenset({'H&M Oversized Hoodie'}),frozenset({'Samsung Pro Display Monitor'}),0.062,0.104,0.006666666666666667,0.10752688172043011,1.0339123242349049,1.0,0.00021866666666666736,1.0039518072289157,0.03496801705756941,0.041841004184100423,0.0039362519201228945,0.08581472291149711
frozenset({'Adidas Street Classic Trainers'}),frozenset({'H&M Hydrating Face Cream'}),0.10833333333333334,0.07166666666666667,0.008,0.07384615384615384,1.0304114490161,1.0,0.00023611111111111055,1.0023532668881507,0.03309968847352018,0.04651162790697675,0.0023477420245822285,0.09273703041144901
frozenset({'H&M Hydrating Face Cream'}),frozenset({'Adidas Street Classic Trainers'}),0.07166666666666667,0.10833333333333334,0.008,0.11162790697674418,1.0304114490161,1.0,0.00023611111111111055,1.0037085514834205,0.03179233991621776,0.04651162790697675,0.0036948489458813244,0.09273703041144901
frozenset({'Zara Slim Fit Jeans'}),frozenset({'Nike Trail Pro Running Shoes'}),0.06,0.09166666666666666,0.005666666666666667,0.09444444444444446,1.0303030303030305,1.0,0.0001666666666666674,1.0030674846625767,0.03128911138923668,0.03881278538812785,0.0030581039755351877,0.07813131313131313
frozenset({'Nike Trail Pro Running Shoes'}),frozenset({'Zara Slim Fit Jeans'}),0.09166666666666666,0.06,0.005666666666666667,0.06181818181818183,1.0303030303030305,1.0,0.0001666666666666674,1.001937984496124,0.032379924446843095,0.03881278538812785,0.0019342359767891809,0.07813131313131313
frozenset({'Adidas Street Classic Trainers'}),frozenset({'Nike Air Runner Sneakers'}),0.10833333333333334,0.14133333333333334,0.015666666666666666,0.1446153846153846,1.02322206095791,1.0,0.0003555555555555534,1.0038369304556354,0.02545237621793582,0.06695156695156694,0.0038222646918298735,0.1277322206095791
frozenset({'Nike Air Runner Sneakers'}),frozenset({'Adidas Street Classic Trainers'}),0.14133333333333334,0.10833333333333334,0.015666666666666666,0.11084905660377357,1.02322206095791,1.0,0.0003555555555555534,1.0028293545534923,0.026430553720100277,0.06695156695156694,0.002821371892082509,0.1277322206095791
frozenset({'Samsung Lightweight Laptop'}),frozenset({'Adidas Air Runner Sneakers'}),0.04133333333333333,0.13433333333333333,0.005666666666666667,0.1370967741935484,1.0205715200512289,1.0,0.00011422222222222302,1.003202492211838,0.021025934713245667,0.03333333333333334,0.0031922689952426702,0.08964019851116627
frozenset({'Adidas Air Runner Sneakers'}),frozenset({'Samsung Lightweight Laptop'}),0.13433333333333333,0.04133333333333333,0.005666666666666667,0.04218362282878412,1.0205715200512289,1.0,0.00011422222222222302,1.000887737478411,0.023284785612358312,0.03333333333333334,0.0008869500995661912,0.08964019851116627
frozenset({'H&M Refreshing Body Mist'}),frozenset({'Nike Trail Pro Running Shoes'}),0.10033333333333333,0.09166666666666666,0.009333333333333334,0.0930232558139535,1.0147991543340382,1.0,0.0001361111111111129,1.0014957264957265,0.01620970729899984,0.051094890510948905,0.0014934926392148706,0.09742071881606768
frozenset({'Nike Trail Pro Running Shoes'}),frozenset({'H&M Refreshing Body Mist'}),0.09166666666666666,0.10033333333333333,0.009333333333333334,0.10181818181818184,1.0147991543340382,1.0,0.0001361111111111129,1.0016531713900134,0.016055045871559842,0.051094890510948905,0.0016504429249890762,0.09742071881606768
frozenset({'H&M Classic Cotton T-Shirt'}),frozenset({'Nike Trail Pro Running Shoes'}),0.061,0.09166666666666666,0.005666666666666667,0.09289617486338798,1.0134128166915053,1.0,7.500000000000128e-05,1.001355421686747,0.014095094906972612,0.03854875283446712,0.0013535870055647603,0.0773571783407849
frozenset({'Nike Trail Pro Running Shoes'}),frozenset({'H&M Classic Cotton T-Shirt'}),0.09166666666666666,0.061,0.005666666666666667,0.06181818181818183,1.0134128166915053,1.0,7.500000000000128e-05,1.0008720930232557,0.01457096600107958,0.03854875283446712,0.0008713331397037582,0.0773571783407849
frozenset({'Nike Air Runner Sneakers'}),frozenset({'Zara Hydrating Face Cream'}),0.14133333333333334,0.05366666666666667,0.007666666666666666,0.05424528301886792,1.0107816711590296,1.0,8.177777777777697e-05,1.000611803823774,0.012422360248447083,0.040925266903914584,0.0006114297487156583,0.09855121293800538
frozenset({'Zara Hydrating Face Cream'}),frozenset({'Nike Air Runner Sneakers'}),0.05366666666666667,0.14133333333333334,0.007666666666666666,0.14285714285714285,1.0107816711590296,1.0,8.177777777777697e-05,1.0017777777777777,0.011271574498062587,0.040925266903914584,0.0017746228926352997,0.09855121293800538
frozenset({'Apple Wireless Charging Station'}),frozenset({'Adidas Air Runner Sneakers'}),0.051666666666666666,0.13433333333333333,0.007,0.13548387096774195,1.0085647962859203,1.0,5.944444444444443e-05,1.0013308457711443,0.008954724244706667,0.03910614525139665,0.0013290769746730257,0.09379652605459057
frozenset({'Adidas Air Runner Sneakers'}),frozenset({'Apple Wireless Charging Station'}),0.13433333333333333,0.051666666666666666,0.007,0.052109181141439205,1.00856479628592,1.0,5.944444444444443e-05,1.0004668411867366,0.009809853860681736,0.03910614525139665,0.0004666233477390567,0.09379652605459057
frozenset({'Adidas Air Runner Sneakers'}),frozenset({'Apple Lightweight Laptop'}),0.13433333333333333,0.05433333333333333,0.007333333333333333,0.05459057071960298,1.0047344304221408,1.0,3.45555555555559e-05,1.0002720909886265,0.005443343718276388,0.04044117647058824,0.00027201697525870494,0.09477994793648861
frozenset({'Apple Lightweight Laptop'}),frozenset({'Adidas Air Runner Sneakers'}),0.05433333333333333,0.13433333333333333,0.007333333333333333,0.13496932515337423,1.0047344304221406,1.0,3.45555555555559e-05,1.0007352245862884,0.004982856410420788,0.04044117647058824,0.0007346844282336142,0.09477994793648861
